session_id,timestamp,verification_result,confidence_score,transcribed_text,duration_ms,termination_reason
fa540728,2026-09-06 21:00:44,TRUE_POSITIVE,0.94,,4975,CLIENT_DISCONNECT
1f34f378,2026-09-06 22:53:06,TRUE_POSITIVE,0.94,hey bro how audio,5708,SERVER_ENDPOINT
f83c760e,2026-09-06 22:59:21,TRUE_POSITIVE,0.94,hey bro how audio,6173,SERVER_ENDPOINT
92cd98dc,2026-09-06 23:15:32,TRUE_POSITIVE,0.94,hey bro how audio,6603,CLIENT_TIMEOUT
423e7669,2026-09-06 23:19:03,TRUE_POSITIVE,0.94,hey bro how audio,6848,CLIENT_DISCONNECT
c644130e,2026-09-06 23:49:42,TRUE_POSITIVE,0.94,hey bro how audio,7199,CLIENT_DISCONNECT
654d051f,2026-09-06 23:54:10,TRUE_POSITIVE,0.94,"Hey bro, how are you?",7551,CLIENT_DISCONNECT
9a8caa18,2026-09-06 23:58:59,TRUE_POSITIVE,0.94,"Hey bro, how are you?",6782,CLIENT_DISCONNECT
18ec0a34,2026-09-07 00:05:10,TRUE_POSITIVE,0.94,"Hey bro, how are you?",7616,CLIENT_DISCONNECT
